Unique ID,IMG URL
IND1,https://documents.bcci.tv/playerheadshot/bcci/1000*1280/11099.png
IND2,
IND3,https://documents.bcci.tv/resizedimageskirti/1113_compress.png
IND4,https://documents.bcci.tv/resizedimageskirti/65_compress.png
IND5,
IND6,
IND7,
IND8,
IND9,https://documents.bcci.tv/playerheadshot/bcci/1000*1280/11100.png
IND10,
IND11,
IND12,
IND13,https://documents.bcci.tv/resizedimageskirti/2740_compress.png
IND14,https://documents.bcci.tv/resizedimageskirti/31_compress.png
IND15,
IND16,https://documents.bcci.tv/resizedimageskirti/1124_compress.png
IND18,
IND19,
IND20,https://documents.bcci.tv/resizedimageskirti/1125_compress.png
IND21,https://documents.bcci.tv/resizedimageskirti/261_compress.png
IND22,
IND23,
IND24,
IND25,https://documents.bcci.tv/resizedimageskirti/94_compress.png
IND26,https://documents.bcci.tv/resizedimageskirti/3840_compress.png
IND27,
IND28,
IND29,
IND30,
IND31,https://documents.bcci.tv/resizedimageskirti/9_compress.png
IND32,
IND33,
IND34,
IND35,https://documents.bcci.tv/resizedimageskirti/107_compress.png
IND36,
IND37,
IND38,https://documents.bcci.tv/resizedimageskirti/2972_compress.png
IND39,https://documents.bcci.tv/resizedimageskirti/11089_compress.png
IND40,https://documents.bcci.tv/resizedimageskirti/1212_compress.png
IND41,
IND42,https://documents.bcci.tv/resizedimageskirti/3761_compress.png
IND43,
IND44,https://documents.bcci.tv/resizedimageskirti/1563_compress.png
IND45,https://documents.bcci.tv/resizedimageskirti/37_compress.png
IND46,
IND47,
IND48,
IND49,https://documents.bcci.tv/resizedimageskirti/164_compress.png
IND50,
IND51,
IND52,https://documents.bcci.tv/resizedimageskirti/2973_compress.png
IND53,
IND54,https://documents.bcci.tv/resizedimageskirti/111_compress.png
